TP_FUNDO;CNPJ_FUNDO;DENOM_SOCIAL;SIT;VL_PATRIM_LIQ;RAZAO_SOCIAL;CODIGO;TICKER;COTA;ISIN;YEAR_DIV_AVERAGE;PRICE_MARKET;PRICE_COTA_PATRIM
F.I.I.;13.873.457/0001-52;AESAPAR FUNDO DE INVESTIMENTO IMOBIIL√ÅRIO - FII;EM FUNCIONAMENTO NORMAL;113918763,72;AESAPAR FDO INV IMOB - FII;AEFI;AEFI11;752500;BRAEFICTF002;1.22;168.00;151,39
F.I.I.;28.737.771/0001-85;ALIANZA TRUST RENDA IMOBILIARIA - FUNDO DE INVESTIMENTO IMOBILIARIO;EM FUNCIONAMENTO NORMAL;97098212,76;ALIANZA TRUST RENDA IMOBILIARIA FDO INV IMOB;ALZR;ALZR11;997042;BRALZRCTF006;0.64;96.60;97,39
F.I.I.;14.069.202/0001-02;AQ3 RENDA FUNDO DE INVESTIMENTO IMOBILI√ÅRIO;EM FUNCIONAMENTO NORMAL;172584262,49;AQ3 RENDA FDO INV IMOB - FII;ARFI;ARFI11B;113816;;;0;1516,34
F.I.I.;13.555.918/0001-49;AQUILLA FUNDO DE INVESTIMENTO IMOBILI√ÅRIO;EM FUNCIONAMENTO NORMAL;171616960,61;¡QUILLA FDO INV IMOB - FII;AQLL;AQLL11;97934;;;415.01;1752,37
F.I.I.;22.219.335/0001-38;BANESTES RECEBIVEIS IMOBILIARIOS FUNDO DE INVESTIMENTO IMOBILIARIO;EM FUNCIONAMENTO NORMAL;122179381,91;BANESTES RECEBÕVEIS IMOBILI¡RIOS FDO INV IMOB FII;BCRI;BCRI11;1210001;BRBCRICTF009;0.9;116.40;100,97
F.I.I.;15.570.431/0001-60;BANRISUL NOVAS FRONTEIRAS FUNDO DE INVESTIMENTO IMOBILIARIO - FII;EM FUNCIONAMENTO NORMAL;64123716,51;BANRISUL NOVAS FRONTEIRAS FDO INV IMOB - FII;BNFS;BNFS11;700000;BRBNFSCTF000;0.82;118.83;91,61
F.I.I.;07.000.400/0001-46;BB FUNDO DE INVESTIMENTO IMOBILIARIO PROGRESSIVO;EM FUNCIONAMENTO NORMAL;398770506,49;BB FDO INV IMOB PROGRESSIVO;BBFI;BBFI11B;130000;BRBBFICTF006;23.59;2,384.99;3067,47
F.I.I.;14.410.722/0001-29;BB PROGRESSIVO II FUNDO DE INVESTIMENTO IMOBILI√ÅRIO - FII;EM FUNCIONAMENTO NORMAL;1639140516,3;BB PROGRESSIVO II FDO INV IMOB - FII;BBPO;BBPO11;15919690;BRBBPOCTF003;1.01;138.91;102,96
F.I.I.;20.716.161/0001-93;BB RECEB√çVEIS IMOBILI√ÅRIOS FUNDO DE INVESTIMENTO IMOBILI√ÅRIO - FII;EM FUNCIONAMENTO NORMAL;94113791,64;BB RECEBIVEIS IMOBILIARIOS FDO INV IMOB - FII;BBIM;BBIM11;1035000;BRBBIMCTF002;0.76;0;90,93
F.I.I.;12.681.340/0001-04;BB RENDA CORPORATIVA FUNDO DE INVESTIMENTO IMOBILI√ÅRIO - FII;EM FUNCIONAMENTO NORMAL;161703187,42;BB RENDA CORPORATIVA FDO INV IMOB - FII;BBRC;BBRC11;1590000;BRBBRCCTF004;0.91;133.99;101,7
F.I.I.;15.394.563/0001-89;BB RENDA DE PAP√âIS IMOBILI√ÅRIOS FUNDO DE INVESTIMENTO IMOBILI√ÅRIO - FII;EM FUNCIONAMENTO NORMAL;115744100,28;BB RENDA DE PAP…IS IMOBILI¡RIOS FDO INV IMOB - FII;RNDP;RNDP11;107481;BRRNDPCTF007;5.12;950.00;1076,88
F.I.I.;23.120.027/0001-13;BB RENDA DE PAP√âIS IMOBILI√ÅRIOS II FUNDO DE INVESTIMENTO IMOBILI√ÅRIO - FII;EM FUNCIONAMENTO NORMAL;104783843,49;BB RENDA DE PAPEIS IMOB II FDO INV IMOB - FII;RDPD;RDPD11;1078042;BRRDPDCTF008;0.42;83.25;97,2
F.I.I.;20.216.935/0001-17;BRADESCO CARTEIRA IMOBILI√ÅRIA ATIVA;EM FUNCIONAMENTO NORMAL;205312696,33;BRADESCO CARTEIRA IMOBILI¡RIA ATIVA - FII;BCIA;BCIA11;1689613;BRBCIACTF005;0.71;110.50;121,51
F.I.I.;14.074.706/0001-02;BRAZIL REALTY FUNDO DE INVESTIMENTO IMOBILI√ÅRIO - FII;EM FUNCIONAMENTO NORMAL;373761049,73;BRAZIL REALTY FDO INV IMOB;BZLI;BZLI11;24007132;;;15.40;15,57
F.I.I.;14.074.706/0001-02;BRAZIL REALTY FUNDO DE INVESTIMENTO IMOBILI√ÅRIO - FII;EM FUNCIONAMENTO NORMAL;373761049,73;BRAZIL REALTY FDO INV IMOB;BZLI;BZLI11;24007132;;;15.40;15,57
F.I.I.;13.584.584/0001-31;BRAZILIAN GRAVEYARD AND DEATH CARE SERVICES FUNDO DE INVESTIMENTO IMOBILI√ÅRIO - FII;EM FUNCIONAMENTO NORMAL;210981323,1;BRAZILIAN GRAVEYARD DEATH CARE FDO INV IMOB - FII;CARE;CARE11;134764887;BRCARER23M17;0.03;1.3800;1,57
F.I.I.;20.748.515/0001-81;BRESCO - FUNDO DE INVESTIMENTO IMOBILI√ÅRIO;EM FUNCIONAMENTO NORMAL;1498334510,91;BRESCO - FDO INV IMOB;BRCO;;996556;;;0;1503,51
F.I.I.;17.098.794/0001-70;CAIXA RIO BRAVO FUNDO DE FUNDOS DE INVESTIMENTO IMOBILIARIO - FII;EM FUNCIONAMENTO NORMAL;169265369,66;CAIXA RIO BRAVO FUNDO DE FDO INV IMOB - FII;CXRI;CXRI11;157576;BRCXRICTF003;7.25;1,017.67;1074,18
F.I.I.;18.979.895/0001-13;CAPIT√ÇNIA SECURITIES II FUNDO DE INVESTIMENTO IMOBILI√ÅRIO - FII;EM FUNCIONAMENTO NORMAL;152565783,58;CAPITANIA SECURITIES II FDO INV IMOB - FII;CPTS;CPTS11B;1000000;BRCPTSCTF004;0.75;100.29;152,57
F.I.I.;17.144.039/0001-85;CASTELLO BRANCO OFFICE PARK FUNDO DE INVESTIMENTO IMOBILI√ÅRIO - FII;EM FUNCIONAMENTO NORMAL;111399066,34;CASTELLO BRANCO OFFICE PARK FDO INV IMOB - FII;CBOP;CBOP11;1415000;BRCBOPCTF001;0.47;71.50;78,73
F.I.I.;17.143.998/0001-86;CSHG GR LOUVEIRA FUNDO DE INVESTIMENTO IMOBILI√ÅRIO - FII;EM FUNCIONAMENTO NORMAL;121134840,95;CSHG GR LOUVEIRA FDO DE INV IMOB - FII;GRLV;GRLV11;1073530;BRGRLVCTF002;0.69;97.86;112,84
F.I.I.;11.260.134/0001-68;CSHG JHSF PRIME OFFICES - FUNDO DE INVESTIMENTO IMOBILI√ÅRIO FII;EM FUNCIONAMENTO NORMAL;247117467,45;CSHG JHSF PRIME OFFICES FDO INV IMOB - FII;HGJH;HGJH11;1650000;BRHGJHCTF006;0.77;179.69;149,77
F.I.I.;11.728.688/0001-47;CSHG LOG√çSTICA - FUNDO DE INVESTIMENTO IMOBILI√ÅRIO - FII;EM FUNCIONAMENTO NORMAL;953905824,78;CSHG LOGÕSTICA FDO INV IMOB - FII;HGLG;HGLG11;7881340;BRHGLGCTF004;0.77;157.01;121,03
F.I.I.;09.072.017/0001-29;CSHG REAL ESTATE - FUNDO DE INVESTIMENTO IMOBILI√ÅRIO - FII;EM FUNCIONAMENTO NORMAL;1118857150,13;CSHG REAL ESTATE FDO INV IMOB - FII;HGRE;HGRE11;7383100;BRHGRECTF006;0.76;154.00;151,54
F.I.I.;11.160.521/0001-22;CSHG RECEB√çVEIS IMOBILI√ÅRIOS - FUNDO DE INVESTIMENTO IMOBILI√ÅRIO - FII;EM FUNCIONAMENTO NORMAL;272240012,96;CSHG RECEBÕVEIS IMOBILI¡RIOS FDO INV IMOB - FII;HGCR;HGCR11;2596486;BRHGCRCTF000;0.51;124.43;104,85
F.I.I.;29.641.226/0001-53;CSHG RENDA URBANA - FUNDO DE INVESTIMENTO IMOBILIARIO - FII;EM FUNCIONAMENTO NORMAL;153915345,97;CSHG RENDA URBANA - FDO INV IMOB - FII;HGRU;HGRU11;1500000;BRHGRUCTF002;0.65;115.80;102,61
F.I.I.;28.108.193/0001-18;DEL MONTE FUNDO DE INVESTIMENTO IMOBILI√ÅRIO;EM FUNCIONAMENTO NORMAL;8152278,69;DEL MONTE AJAX FDO INV IMOB - FII;DLMT;;7920000;;;0;1,03
F.I.I.;26.642.727/0001-66;DIAMANTE FUNDO DE INVESTIMENTO IMOBILIARIO;EM FUNCIONAMENTO NORMAL;107339701,16;DIAMANTE FDO INV IMOB;DAMT;DAMT11B;71350688;;;0;1,5
F.I.I.;10.522.648/0001-81;DOVEL FII;EM FUNCIONAMENTO NORMAL;60770787,83;DOVEL FDO INV IMOB;DOVL;DOVL11B;59466;BRDOVLCTF006;7.56;0;1021,94
F.I.I.;24.070.076/0001-51;EVEN PERMUTA KINEA FII - FUNDO DE INVESTIMENTO IMOBILI√ÅRIO;EM FUNCIONAMENTO NORMAL;67270369,05;EVEN PERMUTA KINEA FII - FDO INV IMOB;KINP;KINP11;7281700;;;0;9,24
F.I.I.;17.329.029/0001-14;FATOR IFIX FUNDO DE INVESTIMENTO IMOBILI√ÅRIO;EM FUNCIONAMENTO NORMAL;33596509,1;FATOR IFIX FDO INV IMOB;FIXX;FIXX11;365972;BRFIXXCTF004;0.51;87.87;91,8
F.I.I.;11.664.201/0001-00;FATOR VERITA FUNDO DE INVESTIMENTO IMOBILIARIO;EM FUNCIONAMENTO NORMAL;227724786,7;FATOR VERITA FDO INV IMOB - FII;VRTA;VRTA11;2241799;BRVRTACTF008;0.94;136.46;101,58
F.I.I.;24.814.916/0001-43;FII - FUNDO DE INVESTIMENTO IMOBILI√ÅRIO NESTPAR;EM FUNCIONAMENTO NORMAL;13803999,4;FDO INV IMOB NESTPAR - FII;NPAR;NPAR11;79340;BRNPARCTF003;0.87;121.69;173,99
F.I.I.;11.281.322/0001-72;FII - PRESIDENTE VARGAS;EM FUNCIONAMENTO NORMAL;79359893,96;FDO INV IMOB - FII PRESIDENTE VARGAS;PRSV;PRSV11;195000;BRPRSVCTF008;1.42;336.00;406,97
F.I.I.;07.789.135/0001-27;FII ANCAR IC;EM FUNCIONAMENTO NORMAL;1416175953,53;FDO INV IMOB - FII ANCAR IC;ANCR;ANCR11B;451113;BRANCRCTF001;30.84;2,500.00;3139,29
F.I.I.;11.179.118/0001-45;FII ANHANGUERA EDUCACIONAL;EM FUNCIONAMENTO NORMAL;121425051,6;FDO INV IMOB - FII ANHANGUERA EDUCACIONAL;FAED;FAED11;642168;BRFAEDCTF003;1.51;217.12;189,09
F.I.I.;10.347.985/0001-80;FII BB VOTORANTIM CIDADE JARDIM CONTINENTAL TOWER;EM FUNCIONAMENTO NORMAL;158413332,2;FDO INV IMOB BB VOTORANTIM C JARD CONT TOWER;BBVJ;BBVJ11;2710000;BRBBVJCTF001;0.07;57.11;58,46
F.I.I.;14.376.247/0001-11;FII BM BRASCAN LAJES CORPORATIVAS;EM FUNCIONAMENTO NORMAL;93097391,97;FDO INV IMOB - FII BM BRASCAN LAJES CORPORATIVAS;BMLC;BMLC11B;998405;BRBMLCCTF004;0.36;76.00;93,25
F.I.I.;11.602.654/0001-01;FII CAMPUS FARIA LIMA;EM FUNCIONAMENTO NORMAL;300265915,99;FDO INV IMOB - FII CAMPUS FARIA LIMA;FCFL;FCFL11;167000;BRFCFLCTF009;11.15;2,060.00;1798,0
F.I.I.;13.551.286/0001-45;FII CENESP;EM FUNCIONAMENTO NORMAL;277215460,27;FDO INV IMOB - FII CENESP;CNES;CNES11;2949248;BRCNESCTF001;0.18;75.26;94,0
F.I.I.;04.141.645/0001-03;FII CONTINENTAL SQUARE FARIA LIMA;EM FUNCIONAMENTO NORMAL;199728395,67;FDO INV IMOB CONTINENTAL SQUARE FARIA LIMA;FLMA;FLMA11;69033500;BRFLMACTF009;0.01;3.1600;2,89
F.I.I.;13.966.653/0001-71;FII CYRELA THERA CORPORATE;EM FUNCIONAMENTO NORMAL;150567316,34;FDO INV IMOB - FII CYRELA THERA CORPORATE;THRA;THRA11;1472728;BRTHRACTF007;0.54;128.50;102,24
F.I.I.;05.562.312/0001-02;FII EDIFICIO ALMIRANTE BARROSO;EM FUNCIONAMENTO NORMAL;333402837,91;FDO INV IMOB - FII EDIFÕCIO ALMIRANTE BARROSO;FAMB;FAMB11B;104800;BRFAMBCTF018;32.66;2,344.96;3181,32
F.I.I.;06.175.262/0001-73;FII EDIF√çCIO OURINVEST;EM FUNCIONAMENTO NORMAL;43635702,18;FDO INV IMOB EDIFÕCIO OURINVEST;EDFO;EDFO11B;236000;BREDFOCTF004;1.73;311.50;184,9
F.I.I.;13.022.994/0001-99;FII ELDORADO;EM FUNCIONAMENTO NORMAL;823408685,77;FDO INV IMOB - FII ELDORADO;ELDO;ELDO11B;787256;BRELDOCTF002;3.1;0;1045,92
F.I.I.;05.437.916/0001-27;FII EUROPAR;EM FUNCIONAMENTO NORMAL;122650609,54;FDO INV IMOB EUROPAR;EURO;EURO11;383936;BREUROCTF011;0.85;154.99;319,46
F.I.I.;10.375.382/0001-91;FII FLORIPA SHOPPING;EM FUNCIONAMENTO NORMAL;74309867,0;FDO INV IMOB - FII FLORIPA SHOPPING;FLRP;FLRP11;55691;BRFLRPCTF006;7.15;1,299.49;1334,32
F.I.I.;04.066.582/0001-60;FII HOSPITAL DA CRIAN√áA;EM FUNCIONAMENTO NORMAL;52627906,93;FDO INV IMOB - FII HOSPITAL DA CRIAN«A;HCRI;HCRI11;200000;BRHCRICTF006;2.35;356.04;263,14
F.I.I.;08.014.513/0001-63;FII HOSPITAL NOSSA SENHORA DE LOURDES;EM FUNCIONAMENTO NORMAL;207145920,92;FDO INV IMOB - FII HOSPITAL NOSSA SRA DE LOURDES;NSLU;NSLU11;1144800;BRNSLUCTF008;1.59;240.31;180,95
F.I.I.;08.706.065/0001-69;FII HOTEL MAXINVEST;EM FUNCIONAMENTO NORMAL;155517088,24;FDO INV IMOB - FII HOTEL MAXINVEST;HTMX;HTMX11;1118960;BRHTMXCTF000;0.82;152.99;138,98
F.I.I.;11.274.415/0001-70;FII MAX RETAIL;EM FUNCIONAMENTO NORMAL;105321226,97;FDO INV IMOB - FII MAX RETAIL;MAXR;MAXR11;59245;BRMAXRCTF009;14.83;1,990.00;1777,72
F.I.I.;01.633.741/0001-72;FII MEMORIAL OFFICE;EM FUNCIONAMENTO NORMAL;67828336,29;FDO INV IMOB MEMORIAL OFFICE;FMOF;FMOF11;508008;BRFMOFCTF010;0.34;79.00;133,52
F.I.I.;10.869.155/0001-12;FII PARQUE DOM PEDRO SHOPPING CENTER;EM FUNCIONAMENTO NORMAL;701482486,59;FDO INV IMOB - FII PARQUE D. PEDRO SHOPPING CENTER;PQDP;PQDP11;238477;BRPQDPCTF004;14.26;3,192.00;2941,51
F.I.I.;03.251.720/0001-18;FII PROJ AGUA BRANCA;EM FUNCIONAMENTO NORMAL;279373299,67;FDO INV IMOB PROJETO ¡GUA BRANCA;FPAB;FPAB11;750000;BRFPABCTF011;2.37;360.00;372,5
F.I.I.;14.879.856/0001-93;FII SHOPPING JARDIM SUL;EM FUNCIONAMENTO NORMAL;209218295,1;FDO INV IMOB - FII SHOPPING JARDIM SUL;JRDM;JRDM11;2392146;BRJRDMCTF002;0.47;78.20;87,46
F.I.I.;07.224.019/0001-60;FII SHOPPING PARQUE D PEDRO;EM FUNCIONAMENTO NORMAL;1976915173,63;FDO INV IMOB - FII SHOPPING PARQUE D. PEDRO;SHDP;SHDP11B;1639739;BRSHDPCTF007;6.25;0;1205,63
F.I.I.;07.122.725/0001-00;FII TORRE ALMIRANTE;EM FUNCIONAMENTO NORMAL;190647285,72;FDO INV IMOB - FII TORRE ALMIRANTE;ALMI;ALMI11;111177;BRALMICTF003;0.37;1,419.94;1714,81
F.I.I.;04.722.883/0001-02;FII TORRE NORTE;EM FUNCIONAMENTO NORMAL;784209649,8;FDO INV IMOB - FII TORRE NORTE;TRNT;TRNT11;3935562;BRTRNTCTF013;0.54;176.01;199,26
F.I.I.;13.022.993/0001-44;FII VBI FL 4440;EM FUNCIONAMENTO NORMAL;201675946,3;FDO INV IMOB VBI FL 4440 - FII;FVBI;FVBI11;2150000;BRFVBICTF004;0.41;129.00;93,8
F.I.I.;02.027.437/0001-44;FUNDO BRAS√çLIO MACHADO DE INVESTIMENTO IMOBILI√ÅRIO;EM FUNCIONAMENTO NORMAL;65538778,68;FDO BRASÕLIO MACHADO DE INVESTIMENTO IMOBILI¡RIO;BMII;BMII11;140000;BRBMIICTF007;3.57;0;468,13
F.I.I.;30.091.444/0001-40;FUNDO DE FUNDOS DE INVESTIMENTO IMOBILI√ÅRIO KINEA FII;EM FUNCIONAMENTO NORMAL;137311366,4;FUNDO DE FDO INV IMOB KINEA FII;KFOF;KFOF11;1317933;BRKFOFCTF006;0.38;114.55;104,19
F.I.I.;29.787.928/0001-40;FUNDO DE INVESTIMENTO IMOBILIARIO - BTG PACTUAL CREDITO IMOBILIARIO;EM FUNCIONAMENTO NORMAL;68532371,71;FDO INV IMOB - BTG PACTUAL CREDITO IMOBILIARIO;BTCR;BTCR11;680000;BRBTCRCTF006;0.65;113.30;100,78
F.I.I.;17.324.357/0001-28;FUNDO DE INVESTIMENTO IMOBILI√ÅRIO - FII BRASIL PLURAL ABSOLUTO FUNDO DE FUNDOS;EM FUNCIONAMENTO NORMAL;252060422,14;FDO INV IMOB BRASIL PLURAL ABSOLUTO FDO DE FUNDOS;BPFF;BPFF11;2668860;BRBPFFCTF002;0.65;91.38;94,44
F.I.I.;08.924.783/0001-01;FUNDO DE INVESTIMENTO IMOBILI√ÅRIO - FII BTG PACTUAL CORPORATE OFFICE FUND;EM FUNCIONAMENTO NORMAL;2072833490,48;FDO INV IMOB - FII BTG PACTUAL CORP. OFFICE FUND;BRCR;BRCR11;19224537;BRBRCRCTF000;1.15;92.79;107,82
F.I.I.;09.552.812/0001-14;FUNDO DE INVESTIMENTO IMOBILI√ÅRIO - FII BTG PACTUAL FUNDO DE CRI;EM FUNCIONAMENTO NORMAL;148897985,25;FDO INV IMOB - FII BTG PACTUAL FUNDO DE CRI;FEXC;FEXC11;1461280;BRFEXCCTF007;0.79;107.30;101,9
F.I.I.;11.026.627/0001-38;FUNDO DE INVESTIMENTO IMOBILI√ÅRIO - FII BTG PACTUAL FUNDO DE FUNDOS;EM FUNCIONAMENTO NORMAL;719002023,57;FDO INV IMOB - FII BTG PACTUAL FUNDO DE FUNDOS;BCFF;BCFF11;8449360;BRBCFFCTF000;0.68;83.97;85,1
F.I.I.;15.799.397/0001-09;FUNDO DE INVESTIMENTO IMOBILIARIO - FII CEO CYRELA COMMERCIAL PROPERTIES;EM FUNCIONAMENTO NORMAL;160542069,24;FDO INV IMOB - FII CEO CYRELA COMMERC. PROPERTIES;CEOC;CEOC11;1815696;BRCEOCCTF003;0.54;85.67;88,42
F.I.I.;15.333.306/0001-37;FUNDO DE INVESTIMENTO IMOBILIARIO - FII EDIFICIO GALERIA;EM FUNCIONAMENTO NORMAL;326185571,12;FDO INV IMOB - FII EDIFÕCIO GALERIA;EDGA;EDGA11;3812055;BREDGACTF001;0.2;48.49;85,57
F.I.I.;18.085.673/0001-57;FUNDO DE INVESTIMENTO IMOBILI√ÅRIO - FII NCH BRASIL RECEB√çVEIS IMOBILI√ÅRIOS;EM FUNCIONAMENTO NORMAL;12261059,28;FDO INV IMOB - FII NCH BRASIL RECEBÕVEIS IMOB;NCHB;NCHB11;41000;BRNCHBCTF000;3.23;0;299,05
F.I.I.;17.025.970/0001-44;FUNDO DE INVESTIMENTO IMOBILIARIO - FII NOVO HORIZONTE;EM FUNCIONAMENTO NORMAL;299307558,72;FDO INV IMOB - FII NOVO HORIZONTE;NVHO;NVHO11;41494533;BRNVHOCTF003;0.06;33.10;7,21
F.I.I.;14.788.492/0001-36;FUNDO DE INVESTIMENTO IMOBILIARIO - FII PATEO BANDEIRANTES;EM FUNCIONAMENTO NORMAL;172101769,71;FDO INV IMOB - FII PATEO BANDEIRANTES;PATB;;1723197;BRPATBCTF004;1.32;0;99,87
F.I.I.;29.467.977/0001-03;FUNDO DE INVESTIMENTO IMOBILIARIO - FII RBR RENDIMENTO HIGH GRADE;EM FUNCIONAMENTO NORMAL;261373834,81;FDO INV IMOB - FII RBR RENDIMENTO HIGH GRADE;RBRR;RBRR11;2728868;BRRBRRCTF008;0.57;106.50;95,78
F.I.I.;17.311.079/0001-74;FUNDO DE INVESTIMENTO IMOBILIARIO - FII SIA CORPORATE;EM FUNCIONAMENTO NORMAL;89586762,01;FDO INV IMOB - FII SIA CORPORATE;SAIC;SAIC11B;1429830;BRSAICCTF009;0.74;61.00;62,66
F.I.I.;17.365.105/0001-47;FUNDO DE INVESTIMENTO IMOBILI√ÅRIO - FII TB OFFICE;EM FUNCIONAMENTO NORMAL;877965048,36;FDO INV IMOB - FII TB OFFICE;TBOF;TBOF11;10050000;BRTBOFCTF006;0.2;81.85;87,36
F.I.I.;28.152.272/0001-26;FUNDO DE INVESTIMENTO IMOBILI√ÅRIO - FII UBS (BR) RECEB√çVEIS IMOBILI√ÅRIOS;EM FUNCIONAMENTO NORMAL;148818980,85;FDO INV IMOB - FII UBS (BR) RECEB IMOB;UBSR;UBSR11;1555780;BRUBSRCTF000;0.83;103.80;95,66
F.I.I.;28.152.272/0001-26;FUNDO DE INVESTIMENTO IMOBILI√ÅRIO - FII UBS (BR) RECEB√çVEIS IMOBILI√ÅRIOS;EM FUNCIONAMENTO NORMAL;148818980,85;FDO INV IMOB - FII UBS (BR) RECEB IMOB;UBSR;UBSR11;1555780;BRUBSRCTF000;0.83;103.80;95,66
F.I.I.;15.296.696/0001-12;FUNDO DE INVESTIMENTO IMOBILIARIO - FII VILA OLIMPIA CORPORATE;EM FUNCIONAMENTO NORMAL;151684410,42;FDO INV IMOB - FII VILA OLÕMPIA CORPORATE;VLOL;VLOL11;1784828;BRVLOLCTF009;0.38;99.52;84,99
F.I.I.;26.846.202/0001-42;FUNDO DE INVESTIMENTO IMOBILI√ÅRIO - HABITAT I;EM FUNCIONAMENTO NORMAL;147949397,08;FDO INV IMOB HABITAT I;HBTT;HBTT11;66567;BRHBTTCTF001;10.9;1,125.00;2222,56
F.I.I.;30.629.603/0001-18;FUNDO DE INVESTIMENTO IMOBILIARIO - VBI LOGISTICO;EM FUNCIONAMENTO NORMAL;296388545,41;FDO INV IMOB - VBI LOGÕSTICO;LVBI;LVBI11;3030000;BRLVBICTF002;0.53;107.37;97,82
F.I.I.;15.461.076/0001-91;FUNDO DE INVESTIMENTO IMOBILI√ÅRIO BR HOT√âIS;EM FUNCIONAMENTO NORMAL;158435526,45;FDO INV IMOB BR HOTEIS - FII;BRHT;BRHT11B;1841677;;;0;86,03
F.I.I.;15.461.076/0001-91;FUNDO DE INVESTIMENTO IMOBILI√ÅRIO BR HOT√âIS;EM FUNCIONAMENTO NORMAL;158435526,45;FDO INV IMOB BR HOTEIS - FII;BRHT;BRHT11B;1841677;;;0;86,03
F.I.I.;21.126.204/0001-43;FUNDO DE INVESTIMENTO IMOBILI√ÅRIO BRASIL VAREJO;EM FUNCIONAMENTO NORMAL;697328241,87;FDO INV IMOB BRASIL VAREJO - FII;BVAR;BVAR11;625540;BRBVARCTF006;7.83;0;1114,76
F.I.I.;10.991.914/0001-15;FUNDO DE INVESTIMENTO IMOBILIARIO CAIXA CEDAE;EM FUNCIONAMENTO NORMAL;144309670,29;FDO INV IMOB CAIXA CEDAE;CXCE;CXCE11B;68518;BRCXCECTF004;18.73;2,267.80;2106,16
F.I.I.;12.887.506/0001-43;FUNDO DE INVESTIMENTO IMOBILIARIO CAIXA TRX LOGISTICA RENDA;EM FUNCIONAMENTO NORMAL;37843238,08;FDO INV IMOB CAIXA TRX LOGÕSTICA RENDA;CXTL;CXTL11;53597;BRCXTLCTF003;1.05;440.01;706,07
F.I.I.;00.762.723/0001-28;FUNDO DE INVESTIMENTO IMOBILI√ÅRIO CENTRO TEXTIL INTERNACIONAL;EM FUNCIONAMENTO NORMAL;123402691,13;FDO INV IMOB CENTRO TEXTIL INTERNACIONAL;CTXT;CTXT11;2594279;BRCTXTCTF014;0.09;61.88;47,57
F.I.I.;23.582.914/0001-03;FUNDO DE INVESTIMENTO IMOBILI√ÅRIO CJ - FII;EM FUNCIONAMENTO NORMAL;85256673,13;FDO INV IMOB CJ - FII;CJFI;;45009054;;;0;1,89
F.I.I.;17.007.528/0001-95;FUNDO DE INVESTIMENTO IMOBILIARIO GENERAL SEVERIANO;EM FUNCIONAMENTO NORMAL;46136401,58;FDO INV IMOB GENERAL SEVERIANO - FII;GESE;GESE11B;38868;BRGESECTF001;17.4;0;1187,0
F.I.I.;01.201.140/0001-90;FUNDO DE INVESTIMENTO IMOBILI√ÅRIO GRAND PLAZA SHOPPING;EM FUNCIONAMENTO NORMAL;905155869,56;FDO INV IMOB GRAND PLAZA SHOPPING;ABCP;ABCP11;12203833;BRABCPCTF000;0.15;107.12;74,17
F.I.I.;23.740.527/0001-58;FUNDO DE INVESTIMENTO IMOBILI√ÅRIO GREEN TOWERS;EM FUNCIONAMENTO NORMAL;611670372,94;FDO INV IMOB GREEN TOWERS;GTWR;;1200000;BRGTWRCTF003;1.21;0;509,73
F.I.I.;28.851.767/0001-43;FUNDO DE INVESTIMENTO IMOBILIARIO HOSPITAL UNIMED SUL CAPIXABA;EM FUNCIONAMENTO NORMAL;72255487,69;FDO INV IMOB HOSPITAL UNIMED SUL CAPIXABA;HUSC;HUSC11;850821;BRHUSCCTF009;0.9;158.00;84,92
F.I.I.;14.217.108/0001-45;FUNDO DE INVESTIMENTO IMOBILIARIO INDUSTRIAL DO BRASIL;EM FUNCIONAMENTO NORMAL;266047251,76;FDO INV IMOB INDUSTRIAL DO BRASIL;FIIB;FIIB11;685000;BRFIIBCTF001;2.61;438.00;388,39
F.I.I.;18.369.510/0001-04;FUNDO DE INVESTIMENTO IMOBILI√ÅRIO INFRA REAL ESTATE - FII;EM FUNCIONAMENTO NORMAL;116017599,25;FDO INV IMOB INFRA REAL ESTATE - FII;FINF;FINF11;666420;BRFINFCTF002;0.18;0;174,09
F.I.I.;28.830.325/0001-10;FUNDO DE INVESTIMENTO IMOBILIARIO IRIDIUM RECEBIVEIS IMOBILIARIOS;EM FUNCIONAMENTO NORMAL;139752220,87;FII IRIDIUM RECEBÕVEIS IMOBILI¡RIOS;IRDM;IRDM11;1448099;BRIRDMCTF004;0.61;112.81;96,51
F.I.I.;13.500.306/0001-59;FUNDO DE INVESTIMENTO IMOBILI√ÅRIO MERCANTIL DO BRASIL - FII;EM FUNCIONAMENTO NORMAL;119875799,77;FDO INV IMOB MERCANTIL DO BRASIL - FII;MBRF;MBRF11;101664;BRMBRFCTF004;8.04;1,159.99;1179,14
F.I.I.;29.216.463/0001-77;FUNDO DE INVESTIMENTO IMOBILIARIO MOGNO FUNDO DE FUNDOS;EM FUNCIONAMENTO NORMAL;123179500,98;FDO INV IMOB MOGNO FUNDO DE FUNDOS;MGFF;MGFF11;1205927;BRMGFFCTF008;0.54;97.15;102,15
F.I.I.;23.537.203/0001-17;FUNDO DE INVESTIMENTO IMOBILIARIO MV9 - FII;EM FUNCIONAMENTO NORMAL;152173463,41;FDO INV IMOB MV9 - FII;MVFI;;77850000;;;0;1,95
F.I.I.;28.516.650/0001-03;FUNDO DE INVESTIMENTO IMOBILI√ÅRIO OURINVEST CYRELA FII;EM FUNCIONAMENTO NORMAL;52173637,91;FUNDO INV IMOB - OURINVEST CYRELA - FII;OUCY;OUCY11;533916;BROUCYR07M12;0.47;91.90;97,72
F.I.I.;13.974.819/0001-00;FUNDO DE INVESTIMENTO IMOBILI√ÅRIO OURINVEST LOG√çSTICA;EM FUNCIONAMENTO NORMAL;96743367,9;FDO INV IMOB OURINVEST LOGÕSTICA;PDDA;PDDA11B;1061694;BRPDDACTF004;0.81;105.00;91,12
F.I.I.;28.693.595/0001-27;FUNDO DE INVESTIMENTO IMOBILI√ÅRIO OURINVEST RE I;EM FUNCIONAMENTO NORMAL;88122857,12;FDO INV IMOB - OURINVEST RE I;WTSP;WTSP11B;992565;BRWTSPCTF002;0.55;78.00;88,78
F.I.I.;00.613.094/0001-74;FUNDO DE INVESTIMENTO IMOBILI√ÅRIO PANAMBY;EM FUNCIONAMENTO NORMAL;187588543,44;FDO INV IMOB PANAMBY;PABY;PABY11;758400;BRPABYCTF012;0.13;22.67;247,35
F.I.I.;17.161.979/0001-82;FUNDO DE INVESTIMENTO IMOBILI√ÅRIO PEDRA NEGRA RENDA IMOBILI√ÅRIA;EM FUNCIONAMENTO NORMAL;127954684,4;FDO INV IMOB PEDRA NEGRA RENDA IMOB;FPNG;FPNG11;636000;BRFPNGCTF005;0.83;0;201,19
F.I.I.;18.497.672/0001-10;FUNDO DE INVESTIMENTO IMOBILIARIO POLO ESTOQUE II - FII;EM FUNCIONAMENTO NORMAL;17472143,51;FDO INV IMOB POLO ESTOQUE II - FII;ESTQ;;44619577;;;0;0,39
F.I.I.;14.721.889/0001-00;FUNDO DE INVESTIMENTO IMOBILI√ÅRIO POLO SHOPPING INDAIATUBA;EM FUNCIONAMENTO NORMAL;147979155,33;FDO INV IMOB POLO SHOPPING INDAIATUBA;VPSI;VPSI11;7849196;BRVPSICTF007;0.12;0;18,85
F.I.I.;27.529.279/0001-51;FUNDO DE INVESTIMENTO IMOBILIARIO RBR ALPHA FUNDO DE FUNDOS;EM FUNCIONAMENTO NORMAL;161699835,26;FDO INV IMOB RBR ALPHA FUNDOS DE FUNDOS;RBRF;RBRF11;1623931;BRRBRFCTF003;0.63;101.58;99,57
F.I.I.;30.166.700/0001-11;FUNDO DE INVESTIMENTO IMOBILIARIO RBR PRIVATE CREDITO IMOBILIARIO;EM FUNCIONAMENTO NORMAL;39024886,93;FDO INV IMOB RBR PRIVATE CR…DITO IMOB;FRBR;;1500000;BRFRBRR02M13;0.74;0;26,02
F.I.I.;21.408.063/0001-51;FUNDO DE INVESTIMENTO IMOBILIARIO RBR PROPERTIES - FII;EM FUNCIONAMENTO NORMAL;104059615,99;FDO INV IMOB RBR PROPERTIES - FII;RBRP;RBRP11;339960;BRRBRPCTF002;0.5;80.02;306,09
F.I.I.;03.683.056/0001-86;FUNDO DE INVESTIMENTO IMOBILI√ÅRIO RIO BRAVO RENDA CORPORATIVA;EM FUNCIONAMENTO NORMAL;372426278,1;FDO INV IMOB RIO BRAVO RENDA CORPORATIVA;FFCI;FFCI11;2170000;BRFFCICTF005;0.61;174.68;171,63
F.I.I.;15.576.907/0001-70;FUNDO DE INVESTIMENTO IMOBILI√ÅRIO RIO BRAVO RENDA VAREJO - FII;EM FUNCIONAMENTO NORMAL;433242336,54;FDO INV IMOB RIO BRAVO RENDA VAREJO - FII;AGCX;AGCX11;405000;BRAGCXCTF003;7.4;1,200.00;1069,73
F.I.I.;15.006.286/0001-90;FUNDO DE INVESTIMENTO IMOBILI√ÅRIO RIO NEGRO - FII;EM FUNCIONAMENTO NORMAL;250718988,58;FDO INV IMOB RIO NEGRO - FII;RNGO;RNGO11;2676000;BRRNGOCTF003;0.5;85.56;93,69
F.I.I.;15.006.286/0001-90;FUNDO DE INVESTIMENTO IMOBILI√ÅRIO RIO NEGRO - FII;EM FUNCIONAMENTO NORMAL;250718988,58;FDO INV IMOB RIO NEGRO - FII;RNGO;RNGO11;2676000;BRRNGOCTF003;0.5;85.56;93,69
F.I.I.;09.350.920/0001-04;FUNDO DE INVESTIMENTO IMOBILI√ÅRIO S√ÉO FERNANDO;EM FUNCIONAMENTO NORMAL;105143562,02;FDO INV IMOB S√O FERNANDO;SFND;SFND11;981472;BRSFNDCTF006;0.8;0;107,13
F.I.I.;12.804.013/0001-00;FUNDO DE INVESTIMENTO IMOBILI√ÅRIO SC 401;EM FUNCIONAMENTO NORMAL;202640601,71;FDO INV IMOB SC 401;FISC;FISC11;127800;BRFISCCTF008;0.1;0;1585,61
F.I.I.;16.671.412/0001-93;FUNDO DE INVESTIMENTO IMOBILIARIO SDI RIO BRAVO RENDA LOG√çSTICA - FII;EM FUNCIONAMENTO NORMAL;317622612,54;FDO INV IMOB SDI RIO BRAVO RENDA LOGISTICA - FII;SDIL;SDIL11;3422972;BRSDILCTF004;0.57;110.19;92,79
F.I.I.;16.671.412/0001-93;FUNDO DE INVESTIMENTO IMOBILIARIO SDI RIO BRAVO RENDA LOG√çSTICA - FII;EM FUNCIONAMENTO NORMAL;317622612,54;FDO INV IMOB SDI RIO BRAVO RENDA LOGISTICA - FII;SDIL;SDIL11;3422972;BRSDILCTF004;0.57;110.19;92,79
F.I.I.;03.507.519/0001-59;FUNDO DE INVESTIMENTO IMOBILI√ÅRIO SHOPPING P√ÅTIO HIGIENOPOLIS;EM FUNCIONAMENTO NORMAL;431732043,86;FDO INV IMOB SHOPPING P¡TIO HIGIEN”POLIS;SHPH;SHPH11;608950;BRSHPHCTF008;3.71;920.00;708,98
F.I.I.;25.032.881/0001-53;FUNDO DE INVESTIMENTO IMOBILI√ÅRIO TG ATIVO REAL;EM FUNCIONAMENTO NORMAL;127191617,49;FDO INV IMOB TG ATIVO REAL;TGAR;TGAR11;713404;BRTGARCTF009;0.82;125.42;178,29
F.I.I.;12.948.291/0001-23;FUNDO DE INVESTIMENTO IMOBILI√ÅRIO THE ONE;EM FUNCIONAMENTO NORMAL;101557280,68;FDO INV IMOB THE ONE;ONEF;ONEF11;911000;BRONEFCTF003;0.69;144.80;111,48
F.I.I.;26.395.660/0001-02;FUNDO DE INVESTIMENTO IMOBILI√ÅRIO TOURMALET I;EM FUNCIONAMENTO NORMAL;215997990,22;FDO INV IMOB TOURMALET I;TORM;TORM13;1880850;BRTORMCTF024;0.65;0;114,84
F.I.I.;30.578.316/0001-26;FUNDO DE INVESTIMENTO IMOBILI√ÅRIO TOURMALET II;EM FUNCIONAMENTO NORMAL;85735581,26;FDO INV IMOB TOURMALET II;TOUR;TOUR11;800000;BRTOURCTF019;3.3;0;107,17
F.I.I.;08.693.497/0001-82;FUNDO DE INVESTIMENTO IMOBILIARIO VEREDA - FII;EM FUNCIONAMENTO NORMAL;142116853,77;FDO INV IMOB VEREDA - FII;VERE;VERE11;550084;BRVERECTF002;1.49;0;258,35
F.I.I.;00.332.266/0001-31;FUNDO DE INVESTIMENTO IMOBILI√ÅRIO VIA PARQUE SHOPPING - FII;EM FUNCIONAMENTO NORMAL;517254825,44;FDO INV IMOB VIA PARQUE SHOPPING - FII;FVPQ;FVPQ11;2584398;BRFVPQCTF015;1.15;190.00;200,15
F.I.I.;17.854.016/0001-64;FUNDO DE INVESTIMENTO IMOBILI√ÅRIO VIDA NOVA - FII;EM FUNCIONAMENTO NORMAL;81679457,0;FDO INV IMOB VIDA NOVA - FII;FIVN;FIVN11;9412630;;;2.9100;8,68
F.I.I.;27.368.600/0001-63;FUNDO DE INVESTIMENTO IMOBILI√ÅRIO VOTORANTIM LOG√çSTICA;EM FUNCIONAMENTO NORMAL;205226235,55;FDO INV IMOB VOTORANTIM LOGISTICA;VTLT;VTLT11;2115000;BRVTLTCTF001;0.74;100.98;97,03
F.I.I.;23.740.595/0001-17;FUNDO DE INVESTIMENTO IMOBILI√ÅRIO VOTORANTIM SHOPPING;EM FUNCIONAMENTO NORMAL;213245899,48;FDO INV IMOB VOTORANTIM SHOPPING;VSHO;VSHO11;2098800;BRVSHOCTF002;0.66;102.01;101,6
F.I.I.;11.769.604/0001-13;GENERAL SHOPPING E OUTLETS DO BRASIL FUNDO DE INVESTIMENTO IMOBILI√ÅRIO - FII;EM FUNCIONAMENTO NORMAL;630670562,56;GENERAL SHOP E OUTLETS DO BRASIL FDO INV IMOB - FI;GSFI;;68482196;;;0;9,21
F.I.I.;26.614.291/0001-00;GGR COVEPI RENDA FUNDO DE INVESTIMENTO IMOBILI√ÅRIO;EM FUNCIONAMENTO NORMAL;623337450,37;GGR COVEPI RENDA FDO INV IMOB;GGRC;GGRC11;6503028;BRGGRCCTF002;0.72;130.25;95,85
F.I.I.;27.771.586/0001-44;GRUPO RCFA FUNDO DE INVESTIMENTO IMOBILIARIO;EM FUNCIONAMENTO NORMAL;19387958,38;GRUPO RCFA FDO INV IMOB;RCFA;;11678533;;;0;1,66
F.I.I.;14.631.148/0001-39;HAZ FUNDO DE INVESTIMENTO IMOBILI√ÅRIO;EM FUNCIONAMENTO NORMAL;70385523,73;HAZ FDO INV IMOB - FII;ATCR;ATCR11;908046;BRATCRCTF008;0.05;0;77,51
F.I.I.;12.809.972/0001-00;HEDGE ATRIUM SHOPPING SANTO ANDR√â FUNDO DE INVESTIMENTO IMOBILI√ÅRIO;EM FUNCIONAMENTO NORMAL;184171798,88;HEDGE ATRIUM SHOPPING SANTO ANDRE FDO INV IMOB;ATSA;ATSA11;1715200;BRATSACTF000;0.79;111.99;107,38
F.I.I.;08.431.747/0001-06;HEDGE BRASIL SHOPPING FUNDO DE INVESTIMENTO IMOBILI√ÅRIO;EM FUNCIONAMENTO NORMAL;1203987455,99;HEDGE BRASIL SHOPPING FDO INV IMOB;HGBS;HGBS11;6718650;BRHGBSCTF000;1.15;252.21;179,2
F.I.I.;16.929.519/0001-99;HEDGE REALTY DEVELOPMENT FUNDO DE INVESTIMENTO IMOBILI√ÅRIO;EM FUNCIONAMENTO NORMAL;96877284,55;HEDGE REALTY DEVELOPMENT FDO INV IMOB;HRDF;;7587125;;;0;12,77
F.I.I.;14.733.211/0001-48;HEDGE SHOPPING PRA√áA DA MO√áA FUNDO DE INVESTIMENTO IMOBILI√ÅRIO;EM FUNCIONAMENTO NORMAL;68925887,55;HEDGE SHOPPING PRA«A DA MO«A FDO INV IMOB;HMOC;HMOC11;382017;BRHMOCCTF005;1.08;229.89;180,43
F.I.I.;16.875.388/0001-04;HEDGE TOP FOFII 2 FUNDO DE INVESTIMENTO IMOBILI√ÅRIO;EM FUNCIONAMENTO NORMAL;113546363,75;HEDGE TOP FOFII 2 FDO INV IMOB;FOFT;FOFT11;1196040;BRFOFTCTF007;3.05;90.03;94,94
F.I.I.;18.307.582/0001-19;HEDGE TOP FOFII 3 FUNDO DE INVESTIMENTO IMOBILI√ÅRIO;EM FUNCIONAMENTO NORMAL;230397795,78;HEDGE TOP FOFII 3 FDO INV IMOB;HFOF;HFOF11;2468390;BRHFOFCTF002;0.61;100.39;93,34
F.I.I.;20.834.884/0001-97;HEDGE TOP FOFII FUNDO DE INVESTIMENTO IMOBILI√ÅRIO;EM FUNCIONAMENTO NORMAL;107110547,98;HEDGE TOP FOFII FDO INV IMOB;TFOF;TFOF11;850530;BRTFOFCTF007;5.08;0;125,93
F.I.I.;16.915.868/0001-51;JHSF RIO BRAVO FAZENDA BOA VISTA CAPITAL PROTEGIDO FUNDO DE INVESTIMENTO IMOBILIARIO - FII;EM FUNCIONAMENTO NORMAL;125830401,38;JHSF RIO BRAVO FAZENDA BOA VISTA CAP. PROT. - FII;RBBV;RBBV11;1254164;BRRBBVCTF004;0.48;82.49;100,33
F.I.I.;30.982.880/0001-00;JPP ALLOCATON MOGNO FUNDO DE INVESTIMENTO IMOBILI√ÅRIO;EM FUNCIONAMENTO NORMAL;14990447,09;JPP ALLOCATION MOGNO - FDO INV IMOB;JPPA;;500000;;;0;29,98
F.I.I.;17.216.625/0001-98;JPP CAPITAL FUNDO DE INVESTIMENTO IMOBILI√ÅRIO - FII;EM FUNCIONAMENTO NORMAL;35459306,04;JPP CAPITAL FDO INV IMOB - FII;JPPC;JPPC11;55000;BRJPPCCTF001;1.83;0;644,71
F.I.I.;13.371.132/0001-71;JS REAL ESTATE MULTIGEST√ÉO - FII;EM FUNCIONAMENTO NORMAL;898227569,97;JS REAL ESTATE MULTIGEST√O - FII;JSRE;JSRE11;8081791;BRJSRECTF007;0.52;108.35;111,14
F.I.I.;23.876.086/0001-16;JT PREV FUNDO DE INVESTIMENTO IMOBILI√ÅRIO D. HAB;EM FUNCIONAMENTO NORMAL;25750616,81;JT PREV FDO INV IMOB DESENVOLVIMENTO HABITACIONAL;JTPR;JTPR11;214674;BRJTPRCTF001;0.51;0;119,95
F.I.I.;30.130.708/0001-28;KINEA HIGH YIELD CRI FUNDO DE INVESTIMENTO IMOBILI√ÅRIO - FII;EM FUNCIONAMENTO NORMAL;416628713,69;KINEA HIGH YIELD CRI FDO INV IMOB - FII;KNHY;KNHY11;4000000;BRKNHYCTF005;0.47;109.99;104,16
F.I.I.;14.423.780/0001-97;KINEA II REAL ESTATE EQUITY FII;EM FUNCIONAMENTO NORMAL;129338520,8;KINEA II REAL ESTATE EQUITY FDO INV IMOB;KNRE;KNRE11;18547161;BRKNRECTF006;0.16;8.55;6,97
F.I.I.;24.960.430/0001-13;KINEA √çNDICES DE PRE√áOS FUNDO DE INVESTIMENTO IMOBILI√ÅRIO - FII;EM FUNCIONAMENTO NORMAL;1863000981,47;KINEA ÕNDICES DE PRE«OS FDO INV IMOB - FII;KNIP;KNIP11;17450886;BRKNIPR03M14;0.68;111.00;106,76
F.I.I.;12.005.956/0001-65;KINEA RENDA IMOBILI√ÅRIA - FII;EM FUNCIONAMENTO NORMAL;2370496953,81;KINEA RENDA IMOBILI¡RIA FDO INV IMOB - FII;KNRI;KNRI11;15524207;BRKNRICTF007;0.78;151.95;152,7
F.I.I.;16.706.958/0001-32;KINEA RENDIMENTOS IMOBILIARIOS FUNDO DE INVESTIMENTO IMOBILIARIO - FII;EM FUNCIONAMENTO NORMAL;3651560133,84;KINEA RENDIMENTOS IMOBILI¡RIOS FDO INV IMOB - FII;KNCR;KNCR11;34902454;BRKNCRCTF000;0.57;104.45;104,62
F.I.I.;17.209.378/0001-00;LATERES FUNDO DE INVESTIMENTO IMOBILI√ÅRIO - FII;EM FUNCIONAMENTO NORMAL;85909979,3;LATERES FDO INV IMOB - FII;LATR;LATR11B;124104;BRLATRCTF009;13.5;0;692,24
F.I.I.;30.579.348/0001-46;MAC FUNDO DE INVESTIMENTO IMOBILI√ÅRIO;EM FUNCIONAMENTO NORMAL;206840323,36;MAC FDO INV IMOB;DMAC;DMAC11;156108;BRDMACCTF003;7.36;769.68;1324,98
F.I.I.;26.499.833/0001-32;MALLS BRASIL PLURAL FUNDO DE INVESTIMENTO IMOBILI√ÅRIO;EM FUNCIONAMENTO NORMAL;289552298,72;MALLS BRASIL PLURAL FDO INV IMOB;MALL;MALL11;2636769;BRMALLCTF007;0.59;107.81;109,81
F.I.I.;97.521.225/0001-25;MAXI RENDA FUNDO DE INVESTIMENTO IMOBILIARIO - FII;EM FUNCIONAMENTO NORMAL;297474425,31;MAXI RENDA FDO INV IMOB - FII;MXRF;MXRF11;31482823;BRMXRFCTF008;0.07;10.92;9,45
F.I.I.;16.915.968/0001-88;MERITO DESENVOLVIMENTO IMOBILIARIO I FII - FUNDO DE INVESTIMENTO IMOBILIARIO;EM FUNCIONAMENTO NORMAL;199560336,19;M…RITO DESENVOLVIMENTO IMOBILI¡RIO I FII - FII;MFII;MFII11;2002613;BRMFIICTF008;1.16;109.60;99,65
F.I.I.;22.957.521/0001-74;MULTI PROPERTIES FUNDO DE INVESTIMENTO IMOBILI√ÅRIO - FII;EM FUNCIONAMENTO NORMAL;21509132,18;MULTI PROPERTIES FDO INV IMOB - FII;PRTS;PRTS11;51727500;;;0;0,42
F.I.I.;22.459.737/0001-00;MULTI SHOPPINGS FUNDO DE INVESTIMENTO IMOBILIARIO - FII;EM FUNCIONAMENTO NORMAL;173642730,95;MULTI SHOPPINGS FDO INV IMOB - FII;SHOP;SHOP11;1200000;;;0;144,7
F.I.I.;10.456.810/0001-00;MULTIGEST√ÉO RENDA COMERCIAL FUNDO DE INVESTIMENTO IMOBILI√ÅRIO - FII;EM FUNCIONAMENTO NORMAL;57982551,03;MULTIGEST√O RENDA COMERCIAL FDO INV IMOB - FII;DRIT;DRIT11B;463277;BRDRITCTF009;0.7;174.00;125,16
F.I.I.;22.003.469/0001-17;NOVA I - FUNDO DE INVESTIMENTO IMOBILIARIO - FII;EM FUNCIONAMENTO NORMAL;49951109,04;NOVA I - FDO INV IMOB - FII;NVIF;NVIF11B;337400;BRNVIFCTF009;0.92;0;148,05
F.I.I.;01.235.622/0001-61;OPPORTUNITY FUNDO DE INVESTIMENTO IMOBILI√ÅRIO;EM FUNCIONAMENTO NORMAL;2067333323,68;OPPORTUNITY FDO INV IMOB;FTCE;FTCE11B;753397;BRFTCECTF005;37.25;0;2744,02
F.I.I.;26.091.656/0001-50;OURINVEST JPP FUNDO DE INVESTIMENTO IMOBILI√ÅRIO- FII;EM FUNCIONAMENTO NORMAL;74019601,21;OURINVEST JPP FDO INV IMOB - FII;OUJP;OUJP11;720000;BROUJPCTF006;0.82;110.63;102,81
F.I.I.;19.107.604/0001-60;OURO PRETO DESENVOLVIMENTO IMOBILIARIO I FUNDO DE INVESTIMENTO IMOBILIARIO - FII;EM FUNCIONAMENTO NORMAL;36158397,78;OURO PRETO DESENV IMOB I FDO INV IMOB - FII;ORPD;ORPD11;290000;BRORPDCTF005;1.38;123.62;124,68
F.I.I.;14.056.001/0001-62;PERSONALE I FUNDO DE INVESTIMENTO IMOBILI√ÅRIO - FII;EM FUNCIONAMENTO NORMAL;36008842,24;PERSONALE I FDO INV IMOB - FII;PRSN;PRSN11B;51699979;BRPRSNCTF005;0.03;0;0,7
F.I.I.;14.080.689/0001-16;POLO FII - FII RECEB√çVEIS IMOBILI√ÅRIOS I;EM FUNCIONAMENTO NORMAL;73898751,72;POLO FDO INV IMOB - FII RECEBÕVEIS IMOBILI¡RIOS I;PLRI;PLRI11;954304;BRPLRICTF000;0.49;64.00;77,44
F.I.I.;17.156.502/0001-09;POLO FUNDO DE INVESTIMENTO IMOBILIARIO - RECEBIVEIS IMOBILIARIOS II - FII;EM FUNCIONAMENTO NORMAL;103583807,07;POLO FDO INV IMOB - RECEBÕVEIS IMOB II - FII;PORD;PORD11;1000000;BRPORDCTF005;6.05;97.50;103,58
F.I.I.;31.962.875/0001-06;PROLOGIS BRAZIL LOGISTICS VENTURE FUNDO DE INVESTIMENTO IMOBILI√ÅRIO;EM FUNCIONAMENTO NORMAL;2343041188,03;PROLOGIS BRAZIL LOGISTICS VENTURE FDO INV IMOB;PBLV;;2750000;;;0;852,01
F.I.I.;11.945.604/0001-27;RB CAPITAL DESENVOLVIMENTO RESIDENCIAL II FUNDO DE INVESTIMENTO IMOBILIARIO - FII;EM FUNCIONAMENTO NORMAL;24146902,73;RB CAPITAL DESENV. RESID. II FDO INV IMOB - FII;RBDS;RBDS11;126523;BRRBDSCTF006;6.17;189.00;190,85
F.I.I.;13.652.006/0001-95;RB CAPITAL GENERAL SHOPPING SULACAP  FII;EM FUNCIONAMENTO NORMAL;100016063,28;RB CAPITAL GENERAL SHOP SULACAP FDO INV IMOB - FII;RBGS;RBGS11;1078000;BRRBGSCTF009;0.16;44.35;92,78
F.I.I.;08.696.175/0001-97;RB CAPITAL RENDA I FUNDO DE INVESTIMENTO IMOBILIARIO - FII;EM FUNCIONAMENTO NORMAL;178379239,79;RB CAPITAL RENDA I FDO INV IMOB - FII;FIIP;FIIP11B;927162;BRFIIPCTF001;1.45;197.47;192,39
F.I.I.;09.006.914/0001-34;RB CAPITAL RENDA II FUNDO DE INVESTIMENTO IMOBILI√ÅRIO - FII;EM FUNCIONAMENTO NORMAL;143794902,17;RB CAPITAL RENDA II FDO INV IMOB - FII;RBRD;RBRD11;1848383;BRRBRDCTF008;0.75;90.00;77,79
F.I.I.;26.511.274/0001-39;RB CAPITAL RENDIMENTOS IMOBILIARIOS FUNDO DE INVESTIMENTO IMOBILIARIO - FII;EM FUNCIONAMENTO NORMAL;61045345,88;RB CAPITAL RENDIMENTOS IMOB FDO INV IMOB - FII;RCRI;RCRI11B;60014;BRRCRICTF005;7.73;0;1017,19
F.I.I.;29.299.737/0001-39;RB CAPITAL TFO SITUS FUNDO DE INVESTIMENTO IMOBILI√ÅRIO - FII;EM FUNCIONAMENTO NORMAL;8551939,74;RB CAPITAL TFO SITUS FDO INV IMOB - FII;RBTS;;56525;;;0;151,29
F.I.I.;17.374.696/0001-19;REAG RENDA IMOBILI√ÅRIA - FUNDO DE INVESTIMENTO IMOBILI√ÅRIO - FII;EM FUNCIONAMENTO NORMAL;243696404,83;REAG RENDA IMOBILIARIA FDO INV IMOB - FII;DOMC;DOMC11;244380;BRDOMCCTF004;5.33;505.00;997,2
F.I.I.;14.793.782/0001-78;RENDA DE ESCRIT√ìRIOS FUNDO DE INVESTIMENTO IMOBILI√ÅRIO - FII;EM FUNCIONAMENTO NORMAL;61364510,53;RENDA DE ESCRIT”RIOS FDO INV IMOB - FII;RDES;RDES11;742000;BRRDESCTF000;0.26;69.50;82,7
F.I.I.;12.659.641/0001-31;RIO BRAVO CR√âDITO IMOBILI√ÅRIO I FUNDO DE INVESTIMENTO IMOBILI√ÅRIO;EM FUNCIONAMENTO NORMAL;3119401,65;RIO BRAVO CR…DITO IMOBILI¡RIO I FDO INV IMOB;RBCB;RBCB11;53100;BRRBCBCTF004;3.39;192.00;58,75
F.I.I.;15.769.670/0001-44;RIO BRAVO CR√âDITO IMOBILI√ÅRIO II FUNDO DE INVESTIMENTO IMOBILI√ÅRIO - FII;EM FUNCIONAMENTO NORMAL;28125578,06;RIO BRAVO CR…DITO IMOBILI¡RIO II FDO INV IMOB -FII;RBVO;RBVO11;515824;BRRBVOCTF007;0.41;43.05;54,53
F.I.I.;16.915.840/0001-14;SANTANDER AG√äNCIAS FUNDO DE INVESTIMENTO IMOBILI√ÅRIO - FII;EM FUNCIONAMENTO NORMAL;508013881,6;SANTANDER AG NCIAS FDO INV IMOB - FII;SAAG;SAAG11;5631512;BRSAAGCTF007;0.87;124.62;90,21
F.I.I.;16.543.270/0001-89;S√ÉO DOMINGOS - FUNDO DE INVESTIMENTO IMOBILI√ÅRIO - FII;EM FUNCIONAMENTO NORMAL;247264968,14;SAO DOMINGOS FDO INV IMOB - FII;FISD;FISD11;648776;;;0;381,13
F.I.I.;01.657.856/0001-05;SCP FII;EM FUNCIONAMENTO NORMAL;48127703,76;FDO INV IMOB SCP;SCPF;SCPF11;4200000;BRSCPFCTF003;0.06;11.17;11,46
F.I.I.;09.326.861/0001-39;SHOPPING WEST PLAZA FUNDO DE INVESTIMENTO IMOBILIARIO;EM FUNCIONAMENTO NORMAL;78752185,89;SHOPPING WEST PLAZA FDO INV IMOB;WPLZ;WPLZ11;989339;BRWPLZCTF004;0.36;70.01;79,6
F.I.I.;16.841.067/0001-99;SOCOPA FUNDO DE INVESTIMENTO IMOBILI√ÅRIO;EM FUNCIONAMENTO NORMAL;34405574,62;SOCOPA FDO INV IMOB - FII;REIT;REIT11;26291;BRREITCTF007;22.11;1,198.47;1308,64
F.I.I.;15.538.445/0001-05;SP DOWNTOWN FUNDO DE INVESTIMENTO IMOBILI√ÅRIO - FII;EM FUNCIONAMENTO NORMAL;135687568,53;SP DOWNTOWN FDO INV IMOB - FII;SPTW;SPTW11;1798000;BRSPTWCTF002;0.57;87.00;75,47
F.I.I.;18.311.024/0001-27;SPA FUNDO DE INVESTIMENTO IMOBILI√ÅRIO;EM FUNCIONAMENTO NORMAL;12688316,04;SPA FDO INV IMOB - FII;SPAF;SPAF11;11270;BRSPAFCTF007;5.19;0;1125,85
F.I.I.;11.044.355/0001-07;STARX FUNDO DE INVESTIMENTO IMOBILI√ÅRIO - FII;EM FUNCIONAMENTO NORMAL;264397334,64;STARX FDO INV IMOB - FII;STRX;STRX11;14682;BRSTRXCTF006;202.62;0;18008,26
F.I.I.;17.007.443/0001-07;TRANSINC FUNDO DE INVESTIMENTO IMOBILI√ÅRIO - FII;EM FUNCIONAMENTO NORMAL;100866750,72;TRANSINC FDO INV IMOB - FII;TSNC;TSNC11;18113;BRTSNCCTF009;30.46;0;5568,75
F.I.I.;26.990.011/0001-50;TREECORP REAL ESTATE FII - I;EM FUNCIONAMENTO NORMAL;28402182,15;TREECORP REAL ESTATE FDO INV IMOB - I;TCPF;;290000;;;0;97,94
F.I.I.;15.006.267/0001-63;TRX EDIFICIOS CORPORATIVOS FUNDO DE INVESTIMENTO IMOBILIARIO - FII;EM FUNCIONAMENTO NORMAL;26498183,25;TRX EDIFÕCIOS CORPORATIVOS FDO INV IMOB - FII;XTED;XTED11;1792557;BRXTEDCTF006;0.32;6.65;14,78
F.I.I.;11.839.593/0001-09;TRX REALTY LOG√çSTICA RENDA I FUNDO DE INVESTIMENTO IMOBILI√ÅRIO - FII;EM FUNCIONAMENTO NORMAL;184707200,5;TRX REALTY LOGÕSTICA RENDA I FDO INV IMOB - FII;TRXL;TRXL11;1846797;BRTRXLCTF001;0.33;97.47;100,01
F.I.I.;29.852.732/0001-91;VALORA RE III FUNDO DE INVESTIMENTO IMOBILIARIO - FII;EM FUNCIONAMENTO NORMAL;108781627,94;VALORA RE III FDO INV IMOB - FII;VGIR;VGIR11;1120948;BRVGIRCTF008;0.63;99.99;97,04
F.I.I.;13.842.683/0001-76;VECTOR QUELUZ LAJES CORPORATIVAS FUNDO DE INVESTIMENTO IMOBILIARIO;EM FUNCIONAMENTO NORMAL;69430102,76;VECTOR QUELUZ ATIVOS IMOB FDO INV IMOB;VLJS;VLJS11;58977;BRVLJSCTF020;1.25;0;1177,24
F.I.I.;24.853.044/0001-22;VINCI LOG√çSTICA FUNDO DE INVESTIMENTO IMOBILI√ÅRIO - FII;EM FUNCIONAMENTO NORMAL;77019960,99;VINCI LOGÕSTICA FDO INV IMOB - FII;VILG;VILG11;717200;BRVILGCTF001;0.54;112.98;107,39
F.I.I.;17.554.274/0001-25;VINCI SHOPPING CENTERS FUNDO DE INVESTIMENTO IMOBILI√ÅRIO - FII;EM FUNCIONAMENTO NORMAL;821814321,89;VINCI SHOPPING CENTERS FDO INVEST IMOB - FII;VISC;VISC11;8160576;BRVISCR03M11;0.54;108.54;100,71
F.I.I.;17.870.926/0001-30;Votorantim Securities Master Fundo de Investimento Imobili√°rio - FII;EM FUNCIONAMENTO NORMAL;80737308,31;VOTORANTIM SECURITIES MASTER FDO INV IMOB - FII;VOTS;VOTS11;827913;BRVOTSCTF007;0.34;86.50;97,52
F.I.I.;16.802.320/0001-03;XP CORPORATE MACA√â FUNDO DE INVESTIMENTO IMOBILI√ÅRIO - FII;EM FUNCIONAMENTO NORMAL;200164645,33;XP CORPORATE MACA… FDO INV IMOB - FII;XPCM;XPCM11;2414570;BRXPCMCTF009;0.81;93.24;82,9
F.I.I.;18.308.516/0001-63;XP HOT√âIS - FUNDO DE INVESTIMENTO IMOBILI√ÅRIO - FII;EM FUNCIONAMENTO NORMAL;386446743,49;XP HOT…IS - FDO INV IMOB - FII;VREH;;530943;BRVREHR01M13;0.36;0;727,85
F.I.I.;28.516.325/0001-40;XP Industrial Fundo de Investimento Imobili√°rio;EM FUNCIONAMENTO NORMAL;245834000,0;XP INDUSTRIAL FDO INV IMOB - FII;XPIN;XPIN11;2180089;BRXPINCTF004;0.62;121.77;112,76
F.I.I.;26.502.794/0001-85;XP Log Fundo de Investimento Imobili√°rio - FII;EM FUNCIONAMENTO NORMAL;363401600,45;XP LOG FDO INV IMOB - FII;XPLG;XPLG11;3661150;BRXPLGCTF002;0.56;102.00;99,26
F.I.I.;28.757.546/0001-00;XP MALLS FUNDO DE INVESTIMENTO IMOBILI√ÅRIO FII;EM FUNCIONAMENTO NORMAL;508890362,34;XP MALLS FDO INV IMOB FII;XPML;XPML11;9484954;BRXPMLCTF000;0.5;107.25;53,65
